-- MySQL dump 10.13  Distrib 8.0.30, for Win64 (x86_64)
--
-- Host: localhost    Database: rental
-- ------------------------------------------------------
-- Server version	8.0.30

/*!40101 SET @OLD_CHARACTER_SET_CLIENT=@@CHARACTER_SET_CLIENT */;
/*!40101 SET @OLD_CHARACTER_SET_RESULTS=@@CHARACTER_SET_RESULTS */;
/*!40101 SET @OLD_COLLATION_CONNECTION=@@COLLATION_CONNECTION */;
/*!50503 SET NAMES utf8 */;
/*!40103 SET @OLD_TIME_ZONE=@@TIME_ZONE */;
/*!40103 SET TIME_ZONE='+00:00' */;
/*!40014 SET @OLD_UNIQUE_CHECKS=@@UNIQUE_CHECKS, UNIQUE_CHECKS=0 */;
/*!40014 SET @OLD_FOREIGN_KEY_CHECKS=@@FOREIGN_KEY_CHECKS, FOREIGN_KEY_CHECKS=0 */;
/*!40101 SET @OLD_SQL_MODE=@@SQL_MODE, SQL_MODE='NO_AUTO_VALUE_ON_ZERO' */;
/*!40111 SET @OLD_SQL_NOTES=@@SQL_NOTES, SQL_NOTES=0 */;

--
-- Table structure for table `car`
--

DROP TABLE IF EXISTS `car`;
/*!40101 SET @saved_cs_client     = @@character_set_client */;
/*!50503 SET character_set_client = utf8mb4 */;
CREATE TABLE `car` (
  `id` int NOT NULL AUTO_INCREMENT,
  `car_name` varchar(250) NOT NULL,
  `cc` int NOT NULL,
  `capacity` varchar(45) NOT NULL,
  `total` int NOT NULL,
  `price` int NOT NULL,
  `id_car_type` int NOT NULL,
  PRIMARY KEY (`id`)
) ENGINE=InnoDB AUTO_INCREMENT=7 DEFAULT CHARSET=utf8mb4 COLLATE=utf8mb4_0900_ai_ci;
/*!40101 SET character_set_client = @saved_cs_client */;

--
-- Dumping data for table `car`
--

LOCK TABLES `car` WRITE;
/*!40000 ALTER TABLE `car` DISABLE KEYS */;
INSERT INTO `car` VALUES (1,'Fortuner',2500,'7',3,300000,2),(2,'Alphard',3500,'10',5,500000,1),(3,'Accord',2500,'5',2,300000,3),(4,'Pajero',3000,'7',5,400000,2);
/*!40000 ALTER TABLE `car` ENABLE KEYS */;
UNLOCK TABLES;

--
-- Table structure for table `car_type`
--

DROP TABLE IF EXISTS `car_type`;
/*!40101 SET @saved_cs_client     = @@character_set_client */;
/*!50503 SET character_set_client = utf8mb4 */;
CREATE TABLE `car_type` (
  `id` int NOT NULL AUTO_INCREMENT,
  `car_type` varchar(250) NOT NULL,
  PRIMARY KEY (`id`)
) ENGINE=InnoDB AUTO_INCREMENT=5 DEFAULT CHARSET=utf8mb4 COLLATE=utf8mb4_0900_ai_ci;
/*!40101 SET character_set_client = @saved_cs_client */;

--
-- Dumping data for table `car_type`
--

LOCK TABLES `car_type` WRITE;
/*!40000 ALTER TABLE `car_type` DISABLE KEYS */;
INSERT INTO `car_type` VALUES (1,'MPV'),(2,'SUV'),(3,'Sedan');
/*!40000 ALTER TABLE `car_type` ENABLE KEYS */;
UNLOCK TABLES;

--
-- Table structure for table `status_type`
--

DROP TABLE IF EXISTS `status_type`;
/*!40101 SET @saved_cs_client     = @@character_set_client */;
/*!50503 SET character_set_client = utf8mb4 */;
CREATE TABLE `status_type` (
  `id` int NOT NULL AUTO_INCREMENT,
  `status_type` varchar(45) NOT NULL,
  PRIMARY KEY (`id`)
) ENGINE=InnoDB AUTO_INCREMENT=6 DEFAULT CHARSET=utf8mb4 COLLATE=utf8mb4_0900_ai_ci;
/*!40101 SET character_set_client = @saved_cs_client */;

--
-- Dumping data for table `status_type`
--

LOCK TABLES `status_type` WRITE;
/*!40000 ALTER TABLE `status_type` DISABLE KEYS */;
INSERT INTO `status_type` VALUES (1,'Pending'),(2,'Approve'),(3,'Cancel'),(4,'Current');
/*!40000 ALTER TABLE `status_type` ENABLE KEYS */;
UNLOCK TABLES;

--
-- Table structure for table `transaction`
--

DROP TABLE IF EXISTS `transaction`;
/*!40101 SET @saved_cs_client     = @@character_set_client */;
/*!50503 SET character_set_client = utf8mb4 */;
CREATE TABLE `transaction` (
  `id` int NOT NULL AUTO_INCREMENT,
  `id_car` int NOT NULL,
  `id_user` int NOT NULL,
  `total_price` int NOT NULL,
  `duration` varchar(45) NOT NULL,
  `status` int NOT NULL,
  PRIMARY KEY (`id`)
) ENGINE=InnoDB AUTO_INCREMENT=4 DEFAULT CHARSET=utf8mb4 COLLATE=utf8mb4_0900_ai_ci;
/*!40101 SET character_set_client = @saved_cs_client */;

--
-- Dumping data for table `transaction`
--

LOCK TABLES `transaction` WRITE;
/*!40000 ALTER TABLE `transaction` DISABLE KEYS */;
INSERT INTO `transaction` VALUES (1,2,1,1000000,'2 jam',1),(2,4,1,1200000,'3 jam',2);
/*!40000 ALTER TABLE `transaction` ENABLE KEYS */;
UNLOCK TABLES;

--
-- Table structure for table `user`
--

DROP TABLE IF EXISTS `user`;
/*!40101 SET @saved_cs_client     = @@character_set_client */;
/*!50503 SET character_set_client = utf8mb4 */;
CREATE TABLE `user` (
  `id` int NOT NULL AUTO_INCREMENT,
  `username` varchar(250) NOT NULL,
  `email` varchar(250) NOT NULL,
  `password` varchar(250) NOT NULL,
  `id_user_type` int NOT NULL,
  PRIMARY KEY (`id`)
) ENGINE=InnoDB AUTO_INCREMENT=6 DEFAULT CHARSET=utf8mb4 COLLATE=utf8mb4_0900_ai_ci;
/*!40101 SET character_set_client = @saved_cs_client */;

--
-- Dumping data for table `user`
--

LOCK TABLES `user` WRITE;
/*!40000 ALTER TABLE `user` DISABLE KEYS */;
INSERT INTO `user` VALUES (1,'Ralfi','ralfi@gmail.com','12345',2),(2,'Admin','admin@mail.com','12345',1),(4,'Tiara Ibnu','tiara@gmail.com','$2a$10$SkB2HkMa4zAjCJ.7exCjMeOpvHvID7n77dQacYjT1NvxIUjWHG5O2',2),(5,'Tiara Azza','tiaraxxxx@gmail.com','$2a$10$WMXNK.hJXlXXQ5bt/wbCXOUWWCcyZKHTNoz9fgj34.cZo84ySHj0S',2);
/*!40000 ALTER TABLE `user` ENABLE KEYS */;
UNLOCK TABLES;

--
-- Table structure for table `user_type`
--

DROP TABLE IF EXISTS `user_type`;
/*!40101 SET @saved_cs_client     = @@character_set_client */;
/*!50503 SET character_set_client = utf8mb4 */;
CREATE TABLE `user_type` (
  `id` int NOT NULL AUTO_INCREMENT,
  `user_type` varchar(250) NOT NULL,
  PRIMARY KEY (`id`)
) ENGINE=InnoDB AUTO_INCREMENT=4 DEFAULT CHARSET=utf8mb4 COLLATE=utf8mb4_0900_ai_ci;
/*!40101 SET character_set_client = @saved_cs_client */;

--
-- Dumping data for table `user_type`
--

LOCK TABLES `user_type` WRITE;
/*!40000 ALTER TABLE `user_type` DISABLE KEYS */;
INSERT INTO `user_type` VALUES (1,'Admin'),(2,'Client');
/*!40000 ALTER TABLE `user_type` ENABLE KEYS */;
UNLOCK TABLES;
/*!40103 SET TIME_ZONE=@OLD_TIME_ZONE */;

/*!40101 SET SQL_MODE=@OLD_SQL_MODE */;
/*!40014 SET FOREIGN_KEY_CHECKS=@OLD_FOREIGN_KEY_CHECKS */;
/*!40014 SET UNIQUE_CHECKS=@OLD_UNIQUE_CHECKS */;
/*!40101 SET CHARACTER_SET_CLIENT=@OLD_CHARACTER_SET_CLIENT */;
/*!40101 SET CHARACTER_SET_RESULTS=@OLD_CHARACTER_SET_RESULTS */;
/*!40101 SET COLLATION_CONNECTION=@OLD_COLLATION_CONNECTION */;
/*!40111 SET SQL_NOTES=@OLD_SQL_NOTES */;

-- Dump completed on 2022-09-08 12:13:07
